res_num,wilt_type,occurences,design_attempts,bitscore,designed,design_mode,germline_gene,native_test,state_name,postion_entropy
22,C,200.0,200.0,4.32192809489,False,None,None,None,None,4.32192809489
130,I,200.0,200.0,4.32192809489,False,None,None,None,None,4.32192809489
217,V,200.0,200.0,4.32192809489,False,None,None,None,None,4.32192809489
84,N,200.0,200.0,4.32192809489,False,None,None,None,None,4.32192809489
25,S,200.0,200.0,4.32192809489,False,None,None,None,None,4.32192809489
151,C,200.0,200.0,4.32192809489,False,None,None,None,None,4.32192809489
234,T,200.0,200.0,4.32192809489,False,None,None,None,None,4.32192809489
71,S,200.0,200.0,4.32192809489,False,None,None,None,None,4.32192809489
12,V,200.0,200.0,4.32192809489,False,None,None,None,None,4.32192809489
168,Y,200.0,200.0,4.32192809489,False,None,None,None,None,4.32192809489
74,N,170.0,200.0,3.47434341506,True,None,None,None,None,3.71208779017
63,S,200.0,200.0,4.32192809489,False,None,None,None,None,4.32192809489
189,G,200.0,200.0,4.32192809489,False,None,None,None,None,4.32192809489
125,V,200.0,200.0,4.32192809489,False,None,None,None,None,4.32192809489
34,M,200.0,200.0,4.32192809489,False,None,None,None,None,4.32192809489
206,T,200.0,200.0,4.32192809489,False,None,None,None,None,4.32192809489
96,C,200.0,200.0,4.32192809489,False,None,None,None,None,4.32192809489
140,A,200.0,200.0,4.32192809489,False,None,None,None,None,4.32192809489
195,S,200.0,200.0,4.32192809489,False,None,None,None,None,4.32192809489
19,R,200.0,200.0,4.32192809489,False,None,None,None,None,4.32192809489
129,D,200.0,200.0,4.32192809489,False,None,None,None,None,4.32192809489
212,A,200.0,200.0,4.32192809489,False,None,None,None,None,4.32192809489
81,L,200.0,200.0,4.32192809489,False,None,None,None,None,4.32192809489
6,E,200.0,200.0,4.32192809489,False,None,None,None,None,4.32192809489
146,R,200.0,200.0,4.32192809489,False,None,None,None,None,4.32192809489
233,G,200.0,200.0,4.32192809489,False,None,None,None,None,4.32192809489
68,F,200.0,200.0,4.32192809489,False,None,None,None,None,4.32192809489
9,G,200.0,200.0,4.32192809489,False,None,None,None,None,4.32192809489
167,W,200.0,200.0,4.32192809489,False,None,None,None,None,4.32192809489
119,W,200.0,200.0,4.32192809489,False,None,None,None,None,4.32192809489
60,Y,200.0,200.0,4.32192809489,False,None,None,None,None,4.32192809489
184,S,200.0,200.0,4.32192809489,False,None,None,None,None,4.32192809489
122,G,200.0,200.0,4.32192809489,False,None,None,None,None,4.32192809489
47,W,200.0,200.0,4.32192809489,False,None,None,None,None,4.32192809489
205,L,200.0,200.0,4.32192809489,False,None,None,None,None,4.32192809489
109,E,198.0,200.0,4.26435423994,True,None,None,None,None,4.24113495899
139,L,200.0,200.0,4.32192809489,False,None,None,None,None,4.32192809489
222,Q,200.0,200.0,4.32192809489,False,None,None,None,None,4.32192809489
16,R,200.0,200.0,4.32192809489,False,None,None,None,None,4.32192809489
156,S,200.0,200.0,4.32192809489,False,None,None,None,None,4.32192809489
211,Q,200.0,200.0,4.32192809489,False,None,None,None,None,4.32192809489
94,Y,200.0,200.0,4.32192809489,False,None,None,None,None,4.32192809489
3,Q,200.0,200.0,4.32192809489,False,None,None,None,None,4.32192809489
145,E,200.0,200.0,4.32192809489,False,None,None,None,None,4.32192809489
228,P,200.0,200.0,4.32192809489,False,None,None,None,None,4.32192809489
65,K,200.0,200.0,4.32192809489,False,None,None,None,None,4.32192809489
54,D,200.0,200.0,4.32192809489,True,None,None,None,None,4.32192809489
162,K,130.0,200.0,2.40528581679,True,None,None,None,None,2.7723510173
116,F,200.0,200.0,4.32192809489,False,None,None,None,None,4.32192809489
57,Y,150.0,200.0,2.93016794671,True,None,None,None,None,3.51064997043
183,A,200.0,200.0,4.32192809489,False,None,None,None,None,4.32192809489
103,R,200.0,200.0,4.32192809489,True,None,None,None,None,4.32192809489
44,G,200.0,200.0,4.32192809489,False,None,None,None,None,4.32192809489
200,G,200.0,200.0,4.32192809489,False,None,None,None,None,4.32192809489
106,L,200.0,200.0,4.32192809489,True,None,None,None,None,4.32192809489
134,Q,200.0,200.0,4.32192809489,False,None,None,None,None,4.32192809489
221,Q,200.0,200.0,4.32192809489,False,None,None,None,None,4.32192809489
29,F,200.0,200.0,4.32192809489,True,None,None,None,None,4.32192809489
155,Q,0.0,200.0,0,True,None,None,None,None,4.24113495899
238,I,200.0,200.0,4.32192809489,False,None,None,None,None,4.32192809489
91,T,200.0,200.0,4.32192809489,False,None,None,None,None,4.32192809489
172,P,200.0,200.0,4.32192809489,False,None,None,None,None,4.32192809489
227,P,200.0,200.0,4.32192809489,False,None,None,None,None,4.32192809489
78,T,200.0,200.0,4.32192809489,False,None,None,None,None,4.32192809489
51,I,200.0,200.0,4.32192809489,False,None,None,None,None,4.32192809489
161,Y,200.0,200.0,4.32192809489,False,None,None,None,None,4.32192809489
113,Q,190.0,200.0,4.03553113777,True,None,None,None,None,4.03553113777
38,R,200.0,200.0,4.32192809489,False,None,None,None,None,4.32192809489
178,L,200.0,200.0,4.32192809489,False,None,None,None,None,4.32192809489
100,S,200.0,200.0,4.32192809489,False,None,None,None,None,4.32192809489
41,P,200.0,200.0,4.32192809489,False,None,None,None,None,4.32192809489
199,S,200.0,200.0,4.32192809489,False,None,None,None,None,4.32192809489
23,A,200.0,200.0,4.32192809489,False,None,None,None,None,4.32192809489
133,T,200.0,200.0,4.32192809489,False,None,None,None,None,4.32192809489
216,A,200.0,200.0,4.32192809489,False,None,None,None,None,4.32192809489
85,S,200.0,200.0,4.32192809489,False,None,None,None,None,4.32192809489
26,G,200.0,200.0,4.32192809489,False,None,None,None,None,4.32192809489
150,N,200.0,200.0,4.32192809489,False,None,None,None,None,4.32192809489
237,E,200.0,200.0,4.32192809489,False,None,None,None,None,4.32192809489
88,A,200.0,200.0,4.32192809489,False,None,None,None,None,4.32192809489
13,Q,200.0,200.0,4.32192809489,False,None,None,None,None,4.32192809489
171,K,200.0,200.0,4.32192809489,False,None,None,None,None,4.32192809489
75,S,58.0,200.0,0.73545534107,True,None,None,None,None,3.17116615131
48,V,200.0,200.0,4.32192809489,False,None,None,None,None,4.32192809489
188,S,200.0,200.0,4.32192809489,False,None,None,None,None,4.32192809489
126,T,200.0,200.0,4.32192809489,False,None,None,None,None,4.32192809489
35,H,200.0,200.0,4.32192809489,False,None,None,None,None,4.32192809489
177,K,200.0,200.0,4.32192809489,False,None,None,None,None,4.32192809489
97,A,200.0,200.0,4.32192809489,False,None,None,None,None,4.32192809489
143,L,200.0,200.0,4.32192809489,False,None,None,None,None,4.32192809489
194,F,200.0,200.0,4.32192809489,False,None,None,None,None,4.32192809489
20,L,200.0,200.0,4.32192809489,False,None,None,None,None,4.32192809489
215,V,200.0,200.0,4.32192809489,False,None,None,None,None,4.32192809489
82,Q,200.0,200.0,4.32192809489,False,None,None,None,None,4.32192809489
7,S,200.0,200.0,4.32192809489,False,None,None,None,None,4.32192809489
149,I,200.0,200.0,4.32192809489,False,None,None,None,None,4.32192809489
232,Q,200.0,200.0,4.32192809489,False,None,None,None,None,4.32192809489
69,T,200.0,200.0,4.32192809489,False,None,None,None,None,4.32192809489
10,G,200.0,200.0,4.32192809489,False,None,None,None,None,4.32192809489
166,A,200.0,200.0,4.32192809489,False,None,None,None,None,4.32192809489
72,R,200.0,200.0,4.32192809489,False,None,None,None,None,4.32192809489
61,A,200.0,200.0,4.32192809489,False,None,None,None,None,4.32192809489
187,E,200.0,200.0,4.32192809489,False,None,None,None,None,4.32192809489
123,T,200.0,200.0,4.32192809489,False,None,None,None,None,4.32192809489
32,Y,14.0,200.0,0.0339798779019,True,None,None,None,None,3.95600444399
204,T,200.0,200.0,4.32192809489,False,None,None,None,None,4.32192809489
110,W,200.0,200.0,4.32192809489,True,None,None,None,None,4.32192809489
138,S,200.0,200.0,4.32192809489,False,None,None,None,None,4.32192809489
193,R,200.0,200.0,4.32192809489,False,None,None,None,None,4.32192809489
17,S,200.0,200.0,4.32192809489,False,None,None,None,None,4.32192809489
159,F,200.0,200.0,4.32192809489,True,None,None,None,None,4.32192809489
210,L,200.0,200.0,4.32192809489,False,None,None,None,None,4.32192809489
95,Y,200.0,200.0,4.32192809489,False,None,None,None,None,4.32192809489
4,L,200.0,200.0,4.32192809489,False,None,None,None,None,4.32192809489
144,G,200.0,200.0,4.32192809489,False,None,None,None,None,4.32192809489
231,G,200.0,200.0,4.32192809489,False,None,None,None,None,4.32192809489
66,G,200.0,200.0,4.32192809489,False,None,None,None,None,4.32192809489
55,A,200.0,200.0,4.32192809489,False,None,None,None,None,4.32192809489
165,L,200.0,200.0,4.32192809489,False,None,None,None,None,4.32192809489
128,S,200.0,200.0,4.32192809489,False,None,None,None,None,4.32192809489
117,D,200.0,200.0,4.32192809489,False,None,None,None,None,4.32192809489
58,K,200.0,200.0,4.32192809489,False,None,None,None,None,4.32192809489
182,W,200.0,200.0,4.32192809489,False,None,None,None,None,4.32192809489
120,G,200.0,200.0,4.32192809489,False,None,None,None,None,4.32192809489
45,L,200.0,200.0,4.32192809489,False,None,None,None,None,4.32192809489
203,F,200.0,200.0,4.32192809489,False,None,None,None,None,4.32192809489
107,Y,200.0,200.0,4.32192809489,True,None,None,None,None,4.32192809489
137,D,200.0,200.0,4.32192809489,False,None,None,None,None,4.32192809489
220,C,200.0,200.0,4.32192809489,False,None,None,None,None,4.32192809489
30,S,200.0,200.0,4.32192809489,True,None,None,None,None,4.32192809489
154,S,200.0,200.0,4.32192809489,False,None,None,None,None,4.32192809489
209,S,200.0,200.0,4.32192809489,False,None,None,None,None,4.32192809489
92,A,200.0,200.0,4.32192809489,False,None,None,None,None,4.32192809489
1,Q,200.0,200.0,4.32192809489,False,None,None,None,None,4.32192809489
175,P,200.0,200.0,4.32192809489,False,None,None,None,None,4.32192809489
226,T,200.0,200.0,4.32192809489,True,None,None,None,None,4.32192809489
79,L,200.0,200.0,4.32192809489,False,None,None,None,None,4.32192809489
52,S,200.0,200.0,4.32192809489,False,None,None,None,None,4.32192809489
160,N,200.0,200.0,4.32192809489,True,None,None,None,None,4.32192809489
114,G,200.0,200.0,4.32192809489,False,None,None,None,None,4.32192809489
39,Q,200.0,200.0,4.32192809489,False,None,None,None,None,4.32192809489
181,Y,200.0,200.0,4.32192809489,False,None,None,None,None,4.32192809489
101,Q,184.0,200.0,3.86550315228,True,None,None,None,None,3.91974890469
42,G,200.0,200.0,4.32192809489,False,None,None,None,None,4.32192809489
198,G,200.0,200.0,4.32192809489,False,None,None,None,None,4.32192809489
104,S,0.0,200.0,0,True,None,None,None,None,4.24113495899
132,M,200.0,200.0,4.32192809489,False,None,None,None,None,4.32192809489
219,Y,200.0,200.0,4.32192809489,False,None,None,None,None,4.32192809489
86,L,200.0,200.0,4.32192809489,False,None,None,None,None,4.32192809489
27,F,200.0,200.0,4.32192809489,False,None,None,None,None,4.32192809489
153,S,200.0,200.0,4.32192809489,False,None,None,None,None,4.32192809489
236,V,200.0,200.0,4.32192809489,False,None,None,None,None,4.32192809489
89,E,200.0,200.0,4.32192809489,False,None,None,None,None,4.32192809489
14,P,200.0,200.0,4.32192809489,False,None,None,None,None,4.32192809489
170,Q,200.0,200.0,4.32192809489,False,None,None,None,None,4.32192809489
225,R,200.0,200.0,4.32192809489,True,None,None,None,None,4.32192809489
76,K,2.0,200.0,-0.0232192809489,True,None,None,None,None,3.95548183043
49,A,200.0,200.0,4.32192809489,False,None,None,None,None,4.32192809489
191,P,200.0,200.0,4.32192809489,False,None,None,None,None,4.32192809489
127,V,200.0,200.0,4.32192809489,False,None,None,None,None,4.32192809489
36,W,200.0,200.0,4.32192809489,False,None,None,None,None,4.32192809489
176,P,200.0,200.0,4.32192809489,False,None,None,None,None,4.32192809489
98,K,200.0,200.0,4.32192809489,False,None,None,None,None,4.32192809489
142,S,200.0,200.0,4.32192809489,False,None,None,None,None,4.32192809489
197,S,200.0,200.0,4.32192809489,False,None,None,None,None,4.32192809489
21,S,200.0,200.0,4.32192809489,False,None,None,None,None,4.32192809489
131,V,200.0,200.0,4.32192809489,False,None,None,None,None,4.32192809489
214,D,200.0,200.0,4.32192809489,False,None,None,None,None,4.32192809489
83,M,200.0,200.0,4.32192809489,False,None,None,None,None,4.32192809489
24,A,200.0,200.0,4.32192809489,False,None,None,None,None,4.32192809489
148,T,200.0,200.0,4.32192809489,False,None,None,None,None,4.32192809489
235,K,200.0,200.0,4.32192809489,False,None,None,None,None,4.32192809489
70,I,200.0,200.0,4.32192809489,False,None,None,None,None,4.32192809489
11,V,200.0,200.0,4.32192809489,False,None,None,None,None,4.32192809489
169,Q,200.0,200.0,4.32192809489,False,None,None,None,None,4.32192809489
73,D,200.0,200.0,4.32192809489,False,None,None,None,None,4.32192809489
62,D,200.0,200.0,4.32192809489,False,None,None,None,None,4.32192809489
186,R,200.0,200.0,4.32192809489,False,None,None,None,None,4.32192809489
124,L,200.0,200.0,4.32192809489,False,None,None,None,None,4.32192809489
33,A,200.0,200.0,4.32192809489,False,None,None,None,None,4.32192809489
207,I,200.0,200.0,4.32192809489,False,None,None,None,None,4.32192809489
111,L,90.0,200.0,1.42646625065,True,None,None,None,None,2.97553754838
141,V,200.0,200.0,4.32192809489,False,None,None,None,None,4.32192809489
192,D,200.0,200.0,4.32192809489,False,None,None,None,None,4.32192809489
18,L,200.0,200.0,4.32192809489,False,None,None,None,None,4.32192809489
158,T,200.0,200.0,4.32192809489,True,None,None,None,None,4.32192809489
213,E,200.0,200.0,4.32192809489,False,None,None,None,None,4.32192809489
80,Y,200.0,200.0,4.32192809489,False,None,None,None,None,4.32192809489
5,V,200.0,200.0,4.32192809489,False,None,None,None,None,4.32192809489
147,A,200.0,200.0,4.32192809489,False,None,None,None,None,4.32192809489
230,F,200.0,200.0,4.32192809489,False,None,None,None,None,4.32192809489
67,R,200.0,200.0,4.32192809489,False,None,None,None,None,4.32192809489
8,G,200.0,200.0,4.32192809489,False,None,None,None,None,4.32192809489
164,Y,200.0,200.0,4.32192809489,True,None,None,None,None,4.32192809489
118,Y,200.0,200.0,4.32192809489,False,None,None,None,None,4.32192809489
59,Y,200.0,200.0,4.32192809489,False,None,None,None,None,4.32192809489
185,T,200.0,200.0,4.32192809489,False,None,None,None,None,4.32192809489
121,Q,200.0,200.0,4.32192809489,False,None,None,None,None,4.32192809489
46,E,200.0,200.0,4.32192809489,False,None,None,None,None,4.32192809489
202,D,200.0,200.0,4.32192809489,False,None,None,None,None,4.32192809489
108,F,200.0,200.0,4.32192809489,True,None,None,None,None,4.32192809489
136,P,200.0,200.0,4.32192809489,False,None,None,None,None,4.32192809489
223,H,200.0,200.0,4.32192809489,True,None,None,None,None,4.32192809489
31,T,200.0,200.0,4.32192809489,True,None,None,None,None,4.32192809489
157,V,200.0,200.0,4.32192809489,False,None,None,None,None,4.32192809489
208,S,200.0,200.0,4.32192809489,False,None,None,None,None,4.32192809489
93,V,200.0,200.0,4.32192809489,False,None,None,None,None,4.32192809489
2,V,200.0,200.0,4.32192809489,False,None,None,None,None,4.32192809489
174,Q,200.0,200.0,4.32192809489,False,None,None,None,None,4.32192809489
229,T,200.0,200.0,4.32192809489,False,None,None,None,None,4.32192809489
64,V,200.0,200.0,4.32192809489,False,None,None,None,None,4.32192809489
53,Y,184.0,200.0,3.86550315228,True,None,None,None,None,3.91974890469
163,N,200.0,200.0,4.32192809489,False,None,None,None,None,4.32192809489
115,Y,200.0,200.0,4.32192809489,False,None,None,None,None,4.32192809489
56,N,60.0,200.0,0.775488750216,True,None,None,None,None,2.65055503127
180,I,200.0,200.0,4.32192809489,False,None,None,None,None,4.32192809489
102,L,200.0,200.0,4.32192809489,True,None,None,None,None,4.32192809489
43,K,200.0,200.0,4.32192809489,False,None,None,None,None,4.32192809489
201,T,200.0,200.0,4.32192809489,False,None,None,None,None,4.32192809489
105,L,200.0,200.0,4.32192809489,True,None,None,None,None,4.32192809489
135,S,200.0,200.0,4.32192809489,False,None,None,None,None,4.32192809489
218,Y,200.0,200.0,4.32192809489,False,None,None,None,None,4.32192809489
87,R,200.0,200.0,4.32192809489,False,None,None,None,None,4.32192809489
28,T,0.0,200.0,0,True,None,None,None,None,4.32192809489
152,K,200.0,200.0,4.32192809489,False,None,None,None,None,4.32192809489
239,K,200.0,200.0,4.32192809489,False,None,None,None,None,4.32192809489
90,D,200.0,200.0,4.32192809489,False,None,None,None,None,4.32192809489
15,G,200.0,200.0,4.32192809489,False,None,None,None,None,4.32192809489
173,G,200.0,200.0,4.32192809489,False,None,None,None,None,4.32192809489
224,Y,22.0,200.0,0.125125387612,True,None,None,None,None,3.74290920756
77,N,50.0,200.0,0.580482023722,True,None,None,None,None,3.2853564074
50,V,200.0,200.0,4.32192809489,False,None,None,None,None,4.32192809489
190,V,200.0,200.0,4.32192809489,False,None,None,None,None,4.32192809489
112,S,198.0,200.0,4.26435423994,True,None,None,None,None,4.24113495899
37,V,200.0,200.0,4.32192809489,False,None,None,None,None,4.32192809489
179,L,200.0,200.0,4.32192809489,False,None,None,None,None,4.32192809489
99,D,200.0,200.0,4.32192809489,False,None,None,None,None,4.32192809489
40,A,200.0,200.0,4.32192809489,False,None,None,None,None,4.32192809489
196,G,200.0,200.0,4.32192809489,False,None,None,None,None,4.32192809489
